{
  "Source": "http://www.moneymentor.com/form_login.csv",
  "PottersWheel": null,
  "Results": [
    {
      "Description": [
        "TitleWord · ', November' · [Space]{1} · [Digit]{2} · ', 2006'",
        "'Wednesday,' · [Space]{1} · TitleWord · [Space]{1} · [BinDigit]{1} · '8, 2006'",
        "TitleWord · ', December' · [Space]{1} · [Digit]{2} · ', 2006'",
        "TitleWord · ', October' · [Space]{1} · [Digit]{2} · ', 2006'",
        "'Saturday,' · [Space]{1} · TitleWord · [Space]{1} · [Digit]{2} · ', 200' · [Digit]{1}",
        "TitleWord · ',' · [Space]{1} · TitleWord · [Space]{1} · [Digit]{2} · ', 2007'"
      ]
    },
    {
      "Disjuncts": 2,
      "Description": [
        "TitleWord · ',' · [Space]{1} · TitleWord · [Space]{1} · [Digit]{2} · ', 2006'",
        "TitleWord · ',' · [Space]{1} · TitleWord · [Space]{1} · [Digit]{2} · ', 2007'"
      ]
    }
  ],
  "Data": [
    "Friday, October 06, 2006",
    "Friday, October 06, 2006",
    "Friday, October 06, 2006",
    "Saturday, October 07, 2006",
    "Monday, October 09, 2006",
    "Saturday, October 14, 2006",
    "Wednesday, October 18, 2006",
    "Wednesday, October 18, 2006",
    "Wednesday, October 18, 2006",
    "Wednesday, October 18, 2006",
    "Wednesday, October 18, 2006",
    "Wednesday, October 18, 2006",
    "Wednesday, October 18, 2006",
    "Wednesday, October 18, 2006",
    "Wednesday, October 18, 2006",
    "Saturday, October 28, 2006",
    "Saturday, October 28, 2006",
    "Tuesday, October 31, 2006",
    "Tuesday, November 07, 2006",
    "Wednesday, November 08, 2006",
    "Friday, November 10, 2006",
    "Tuesday, November 14, 2006",
    "Thursday, November 16, 2006",
    "Thursday, November 16, 2006",
    "Thursday, November 23, 2006",
    "Thursday, November 23, 2006",
    "Monday, December 04, 2006",
    "Tuesday, December 05, 2006",
    "Friday, December 08, 2006",
    "Saturday, December 09, 2006",
    "Saturday, December 09, 2006",
    "Saturday, December 09, 2006",
    "Saturday, December 09, 2006",
    "Saturday, December 09, 2006",
    "Saturday, December 09, 2006",
    "Monday, December 18, 2006",
    "Tuesday, December 19, 2006",
    "Tuesday, December 19, 2006",
    "Tuesday, December 19, 2006",
    "Tuesday, December 19, 2006",
    "Tuesday, December 19, 2006",
    "Saturday, December 23, 2006",
    "Tuesday, December 26, 2006",
    "Wednesday, December 27, 2006",
    "Wednesday, January 03, 2007",
    "Saturday, January 06, 2007",
    "Sunday, January 07, 2007",
    "Monday, January 08, 2007",
    "Wednesday, January 10, 2007",
    "Wednesday, January 10, 2007",
    "Saturday, January 13, 2007",
    "Tuesday, January 16, 2007",
    "Thursday, January 18, 2007",
    "Friday, January 19, 2007",
    "Friday, January 19, 2007",
    "Sunday, January 21, 2007",
    "Wednesday, January 24, 2007",
    "Wednesday, January 24, 2007",
    "Wednesday, January 24, 2007",
    "Friday, January 26, 2007",
    "Sunday, January 28, 2007",
    "Monday, January 29, 2007",
    "Monday, January 29, 2007",
    "Monday, January 29, 2007",
    "Wednesday, January 31, 2007",
    "Thursday, February 01, 2007",
    "Thursday, February 01, 2007",
    "Thursday, February 01, 2007",
    "Friday, February 02, 2007",
    "Friday, February 02, 2007",
    "Friday, February 02, 2007",
    "Saturday, February 03, 2007",
    "Saturday, February 03, 2007",
    "Saturday, February 03, 2007",
    "Saturday, February 03, 2007",
    "Saturday, February 03, 2007",
    "Sunday, February 04, 2007",
    "Monday, February 05, 2007",
    "Monday, February 05, 2007",
    "Monday, February 05, 2007",
    "Monday, February 05, 2007",
    "Monday, February 05, 2007",
    "Monday, February 05, 2007",
    "Monday, February 05, 2007",
    "Monday, February 05, 2007",
    "Tuesday, February 06, 2007",
    "Tuesday, February 06, 2007",
    "Tuesday, February 06, 2007",
    "Wednesday, February 07, 2007",
    "Wednesday, February 07, 2007",
    "Wednesday, February 07, 2007",
    "Thursday, February 08, 2007",
    "Thursday, February 08, 2007",
    "Friday, February 09, 2007",
    "Friday, February 09, 2007",
    "Friday, February 09, 2007",
    "Friday, February 09, 2007",
    "Friday, February 09, 2007",
    "Saturday, February 10, 2007",
    "Saturday, February 10, 2007",
    "Sunday, February 11, 2007",
    "Monday, February 12, 2007",
    "Tuesday, February 13, 2007",
    "Wednesday, February 14, 2007",
    "Wednesday, February 14, 2007",
    "Thursday, February 15, 2007",
    "Thursday, February 15, 2007",
    "Thursday, February 15, 2007",
    "Friday, February 16, 2007",
    "Friday, February 16, 2007",
    "Friday, February 16, 2007",
    "Friday, February 16, 2007",
    "Sunday, February 18, 2007",
    "Sunday, February 18, 2007",
    "Sunday, February 18, 2007",
    "Sunday, February 18, 2007",
    "Sunday, February 18, 2007",
    "Monday, February 19, 2007",
    "Monday, February 19, 2007",
    "Monday, February 19, 2007",
    "Wednesday, February 21, 2007",
    "Saturday, February 24, 2007",
    "Saturday, February 24, 2007",
    "Saturday, February 24, 2007",
    "Wednesday, February 28, 2007",
    "Wednesday, February 28, 2007",
    "Wednesday, February 28, 2007",
    "Wednesday, February 28, 2007",
    "Friday, March 02, 2007",
    "Friday, March 02, 2007",
    "Saturday, March 03, 2007",
    "Monday, March 05, 2007",
    "Monday, March 05, 2007",
    "Thursday, March 08, 2007",
    "Friday, March 09, 2007",
    "Friday, March 09, 2007",
    "Tuesday, March 13, 2007",
    "Tuesday, March 13, 2007",
    "Tuesday, March 13, 2007",
    "Tuesday, March 13, 2007",
    "Wednesday, March 14, 2007",
    "Thursday, March 15, 2007",
    "Thursday, March 15, 2007",
    "Thursday, March 15, 2007",
    "Thursday, March 15, 2007",
    "Thursday, March 15, 2007",
    "Thursday, March 15, 2007",
    "Thursday, March 15, 2007",
    "Thursday, March 15, 2007",
    "Thursday, March 15, 2007",
    "Thursday, March 15, 2007",
    "Friday, March 16, 2007",
    "Monday, March 19, 2007",
    "Monday, March 19, 2007",
    "Thursday, March 22, 2007",
    "Friday, March 23, 2007",
    "Friday, March 23, 2007",
    "Sunday, March 25, 2007",
    "Sunday, March 25, 2007",
    "Monday, March 26, 2007",
    "Monday, March 26, 2007",
    "Monday, March 26, 2007",
    "Sunday, April 01, 2007",
    "Sunday, April 01, 2007",
    "Thursday, April 05, 2007",
    "Friday, April 06, 2007",
    "Tuesday, April 17, 2007",
    "Tuesday, April 17, 2007",
    "Tuesday, April 17, 2007",
    "Tuesday, April 17, 2007",
    "Saturday, April 21, 2007",
    "Sunday, April 22, 2007"
  ]
}
