{
  "Source": "https://newcircle.com/static/post/1572/attendees1.csv",
  "PottersWheel": null,
  "Results": [
    {
      "Description": [
        "[Lower]+ · '.' · [Lower]+ · '@' · [Lower]+ · '.com'"
      ]
    }
  ],
  "Data": [
    "jackson.thompson@hotmail.com",
    "luke.wallace@lycos.com",
    "david.wright@hotmail.com",
    "nathaniel.butler@aol.com",
    "noah.simpson@hotmail.com",
    "eli.mitchell@aol.com",
    "xavier.shaw@gmail.com",
    "josiah.harrison@aol.com",
    "nolan.thompson@aol.com",
    "avery.martin@yahoo.com",
    "sydney.allen@gmail.com",
    "alyssa.alexander@lycos.com",
    "benjamin.rodriguez@aol.com",
    "julia.henry@gmail.com",
    "luke.jordan@gmail.com",
    "henry.cooper@aol.com",
    "jasmine.dixon@hotmail.com",
    "avery.brooks@lycos.com",
    "john.martinez@gmail.com",
    "xavier.bryant@yahoo.com",
    "aria.hudson@yahoo.com",
    "ethan.brooks@lycos.com",
    "tristan.spencer@gmail.com",
    "kennedy.murray@hotmail.com",
    "ellie.marshall@lycos.com",
    "elijah.west@hotmail.com",
    "jose.james@lycos.com",
    "alyssa.watson@yahoo.com",
    "elizabeth.washington@gmail.com",
    "ariana.foster@yahoo.com",
    "amelia.robertson@gmail.com",
    "aubrey.mitchell@hotmail.com",
    "anna.robinson@gmail.com",
    "alexandra.marshall@yahoo.com",
    "aubrey.wood@hotmail.com",
    "aubrey.marshall@yahoo.com",
    "alexandra.hamilton@yahoo.com",
    "savannah.ellis@lycos.com",
    "skylar.morris@lycos.com",
    "isaiah.reyes@aol.com",
    "ella.mitchell@lycos.com",
    "grayson.russell@lycos.com",
    "isabella.hernandez@aol.com",
    "lucy.parker@aol.com",
    "sarah.sullivan@aol.com",
    "maya.richardson@gmail.com",
    "evelyn.ward@yahoo.com",
    "jacob.harris@aol.com",
    "hunter.dunn@gmail.com",
    "colton.henderson@aol.com",
    "nevaeh.harrison@gmail.com",
    "genesis.marshall@yahoo.com",
    "samantha.gonzalez@lycos.com",
    "khloe.shaw@lycos.com",
    "lucy.tucker@gmail.com",
    "caleb.campbell@hotmail.com",
    "landon.simpson@hotmail.com",
    "tyler.wood@aol.com",
    "tyler.rice@yahoo.com",
    "david.patterson@lycos.com",
    "nevaeh.russell@lycos.com",
    "daniel.henderson@gmail.com",
    "autumn.white@hotmail.com",
    "evelyn.coleman@gmail.com",
    "oliver.roberts@hotmail.com",
    "dylan.graham@hotmail.com",
    "xavier.gonzales@gmail.com",
    "alexandra.gibson@gmail.com",
    "lydia.howard@hotmail.com",
    "aria.hernandez@yahoo.com",
    "logan.warren@hotmail.com",
    "lillian.rose@lycos.com",
    "jayden.ellis@yahoo.com",
    "daniel.simmons@yahoo.com",
    "easton.graham@yahoo.com",
    "xavier.hunter@aol.com",
    "hannah.jones@lycos.com",
    "samuel.baker@aol.com",
    "hudson.lewis@lycos.com",
    "allison.west@yahoo.com",
    "carson.dixon@hotmail.com"
  ]
}
