{
  "Source": "https://raw.githubusercontent.com/dannguyen/smalldata/master/datasets/buffer-open-salaries.csv",
  "PottersWheel": [
    "punct",
    "int",
    "punct",
    "int"
  ],
  "Results": [
    {
      "Description": [
        "'$' · [Digit]+ · ',' · [Digit]{3}"
      ]
    }
  ],
  "Data": [
    "$175,000",
    "$161,000",
    "$133,000",
    "$148,000",
    "$153,000",
    "$99,000",
    "$119,000",
    "$105,300",
    "$90,000",
    "$84,000",
    "$94,000",
    "$105,000",
    "$118,000",
    "$95,000",
    "$85,000",
    "$78,000",
    "$98,000",
    "$85,000",
    "$72,000",
    "$108,000",
    "$96,000",
    "$96,000",
    "$86,000",
    "$71,750",
    "$78,000",
    "$104,000",
    "$98,000",
    "$88,000",
    "$82,500",
    "$83,500",
    "$94,000",
    "$80,000",
    "$84,000",
    "$76,000",
    "$79,000",
    "$99,500",
    "$100,000",
    "$83,000",
    "$78,750",
    "$61,500",
    "$94,000",
    "$71,500",
    "$72,000",
    "$97,000",
    "$79,000",
    "$79,750",
    "$82,000",
    "$61,500",
    "$79,750",
    "$64,000",
    "$98,000",
    "$86,308",
    "$71,500",
    "$70,193",
    "$62,040",
    "$65,104",
    "$60,448",
    "$70,803",
    "$103,360",
    "$93,192",
    "$129,409",
    "$46,100",
    "$64,486",
    "$75,790",
    "$121,845",
    "$101,892",
    "$53,234",
    "$133,145",
    "$68,447",
    "$111,944",
    "$85,456",
    "$54,945",
    "$67,596",
    "$48,853",
    "$88,676",
    "$61,144",
    "$77,814",
    "$95,953",
    "$129,802"
  ]
}
