120 x 600 inches,
75 x 50 inches,
38 x 30 inches,
4 3/4 x 3 5/8 inches,
23 1/16 x 30 1/8 inches,
55 x 54 x 22 7/8 inches,
78 x 163 3/16 inches,
22 3/8 x 21 1/2 inches,
40 1/16 x 29 3/4 inches,
58 1/8 x 38 1/8 inches,
132 x 246 x 1416 inches,
36 1/8 x 27 1/8 inches,
22 x 16 1/8 x 5 1/4 inches,
14 1/4 x 18 5/8 inches,
15  x 53  x 17 inches,
48 x 30 inches,
12 x 7 inches,
10 x 12 inches,
27 x 29 5/8 inches,
46 x 18  x 18  inches,
37 3/8 x 17 x 18 1/4 inches,
3/4 x 2 7/16 x 3 3/8 inches,
21 1/2 x 8 3/8 x 8 3/8 inches,
8 1/8 x 15 5/8 inches,
8 7/8 x 11 7/8 inches,
45  x 32  x 31  inches,
106 x 69 x 28 inches,
87 x 41  x 23 inches,
19 x 29 inches,
17  x 24 inches,
8 x 5 3/16 inches,
86 1/2 x 131 9/16 x 1 3/4 inches,
27 1/4 x 40 1/8 inches,
32 3/8 x 42 3/8 inches,
55 x 79 5/16 inches,
27 3/4 x 32 1/8 x 23 5/8 inches,
29 1/2 x 49 7/8 x 22 1/2 inches,
16  x 13  inches,
41 3/8 x 37 1/2 x 19 1/2 inches,
36 1/2 x 20 3/4 x 20 7/8 inches,
94 5/8 x 40 x 21 3/8 inches,
34 1/2 x 20 x 20 1/2 inches,
94 3/8 x 46 1/2 x 30 5/8 inches,
34 1/2 x 39 1/4 x 22 inches,
6 15/16 x 5 1/16 x 8 inches,
37 5/8 x 23 1/2 x 20 3/4 inches,
36 x 47 7/8 inches,
68 x 40 x 22 inches,
11 x 21 x 12 inches,
39 x 22 x 19 inches,
13  x 77 x 30 inches,
19 x 13 x 7 3/8 inches,
8 5/8 x 14 3/8 x 10 inches,
7 1/8 x 1 9/16 x 5 3/16 inches,
70 1/8 x 40 1/8 inches,
30 x 46 7/16 inches,
25 3/4 x 31 7/8 inches,
96 x 144 inches,
24 x 30 inches,
92 7/8 x 80 inches,
31 3/4 x 10 1/4 x 11 7/8 inches,
25 x 30 inches,
69 x 110 x 30 inches,
160 inches,
76 x 48 inches,
90 x 72 inches,
76 x 106 inches,
38 3/8 x 98 inches,
44 4/16 x 54 inches,
30 1/8 x 25 1/8 inches,
75 x 22 7/8 x 21 1/2 inches,
2 x 11 x 13 inches,
69 1/8 x 51 3/8 inches,
120 x 59 x 64 inches,
36 1/8 x 60 x 60 inches,
118 x 118 x 41 inches,
67 x 87 x 14 inches,
68 5/8 x 68 5/8 inches,
30 1/8 x 25 1/2 inches,
48 5/8 x 36 1/4 inches,
36 1/8 x 29 inches,
69 x 78 1/2 inches,
27 1/4 x 40 1/8 inches,
44 x 49 inches,
49 7/8 x 39 7/8 inches,
13 x 18 13/16 inches,
44 x 38 inches,
17 3/8 x 21 3/8 inches,
80 x 80 inches,
83 x 92 x 9 inches,
81 3/16 x 61 3/16 inches,
31 3/4 x 54 1/8 x 3 7/8 inches,
59 x 95 inches,
14 1/8 x 6 x 6 inches,
120 x 96 inches,
43 x 28 3/4 inches,
48 x 36 inches,
19 x 25 inches,
86 x 37 1/4 x 15 3/4 inches,
14 3/8 x 13 9/16 inches,
9 5/8 x 12 11/16 inches,
23 5/16 x 19 1/4 inches,
68 x 72 x 30 inches,
2  x 9 x 9  inches,
28 5/8 x 15 1/2 x 13 1/2 inches,
2  x 5  x 5 3/8 inches,
66 x 20 x 33 inches,
14 13/16 x 24 inches,
36 x 30 3/16 inches,
40 x 30 inches,
35 x 40 inches,
17 5/8 x 23 5/8 inches,
23 1/4 x 13 5/8 x 3/4 inches,
15  x 7  inches,
25 1/4 x 11 3/4 x 7 1/8 inches,
5 3/8 x 6 x 3 inches,
14 1/4 x 11 3/4 x 10 1/8 inches,
39 x 21 x 24 inches,
108 x 90 inches,
92 x 51 x 51 inches,
96 x 76 inches,
30 x 36  inches,
87 1/8 x 77 1/4 inches,
27 7/8 x 39 3/4 inches,
33 1/8 x 23 1/8 inches,
27  x 40  inches,
42 3/8 x 35 3/4 x 3 3/8 inches,
22 5/8 x 22 3/4 x 15 1/4 inches,
15 x 19  inches,
27 1/8 x 45 1/4 inches,
15 x 12 inches,
18 x 20 3/4 inches,
27 1/8 x 40 inches,
34 5/16 x 48 1/8 inches,
7 5/8 x 9 1/2 inches,
10 11/16 x 15 5/8 inches,
28  x 36 inches,
120 x 240 x 120 inches,
26 5/8 x 29 5/8 x 10 3/4 inches,
20 x 44 inches,
13 x 13 inches,
24 x 20 inches,
17 1/16 x 21 3/16 inches,
40 1/2 x 12 x 12 inches,