View of the California Coast,
Despair,
Untitled,
Untitled,
Untitled (Grindelia),
Untitled (Ithuriel's Spear),
Untitled (Linanthus and Rosaceus),
Untitled (Flowering Currant),
Untitled (Dogtooth Violet),
Untitled (Wild Gooseberry),
Indian Summer II,
Dr. William Porter,
Wartime,
The Shores of San Francisco,
California Landscape  ((Hills around Sonoma)),
Sand Dunes,
The Lone Prospector,
Jornada del Muerto,
Portrait of Theodore Dehone Judah,
Portrait of Eliza  Jane Steen Johnson,
The Entertainer,
El Capitan,
The Bieber Farm - Wheat Harvest,
Yosemite Valley,
Glacier Rock,
Tropical Landscape,
Back of South Dome from the trail near Vernal Falls,
California Indian Camp:  Scene Near Mariposa,
Untitled  (Mountain Lake Campsite),
Tiger,
Jules Harder,
Ranch Scene,
Yosemite Valley Scene,
View of Carquinez Strait,
A Mountain Pool,
Lake Ralphine,
The Casco,
San Francisco from Goat Island,
New Year's Day in San Francisco's Chinatown,
Trying His Hand,
In a Corner of My Studio,
Miners Playing Cards,
Circus  (It's My Turn),
Pines,
Alameda County Courthouse,
Return from the Bear Hunt,
My Old Shop,
Steelhead Salmon,
Moonrise Over Seacoast at Pacific Grove,
Pomo Indians Camped at Fort Ross,
Landscape-Paris,
Young Woman with Flowers,
View from Goat Island,
Imogen and Arviragus,
California Miner with Pack Horse,
Arranging Chrysanthemums,
Lake Temescal,
Indian Encampment near Mount Shasta,
Still Life,
Grand Canyon of the Yellowstone from Hayden Point,
Still Life,
San Francisco in July,
Outdoor Study on Strawberry Creek,
Chinese Tea Room,
Camp Teller,
Bridal Veil Falls,
Pathway through the Redwoods,
Fruitvale Meadows,
To-Tole (The Star),
California  (In California),
The Fortune Teller,
Pasadena (Landscape with Eucalyptus and Flowers),
Sand Dunes and Beach Umbrellas,
Portrait of Miss Louise Schwamm,
Park Scene,
River Seine,
The Painter's Dog,
(San Francisco Chinatown),
Scouts on the Alert,
In Mission Canyon,
Self-Portrait,
Cypress Grove,
Diamond Canyon,
Reflection,
California,
Promise (Mt. Tamalpais),
California,
California,
Sketch - San Francisco Fire,
Portrait of Joaquin Miller,
Untitled,
Sunlit Meadow,
Portrait of Jack Partington,
Portrait of Inger Anne Partington,
Mandarin Robe  (The Mandarin) | Mandarin Robe,
A Group of Trees in Brittany,
Monterey,
Hill of the Sun,
The High Sierra,
Joaquin Miller Home,
Seated Man Synchromy,
View from Skyline Boulevard,
Untitled (Figure in Landscape),
A Group of Trees,
Rhododendron Field,
Hillside at Evening,
Scene,
Scene,
Scene,
Sketch,
Sacred and Profane Love,
California Landscape - Poppies,
Rising Moon,
Monterey Bay,
Rocks & Swirls,
Untitled  ((Ladies kneeling near fountain)),
The Bay,
Boeing Airplane Co.,
Red Von Eichman,
Oakland Quarry,
Santa Barbara Mission,
Chinatown Street Scene #1,
Sunrise at Tracy,
Metal-Craft,
Sunny Cove,
California Dock Scene,
Point Richmond,
Monterey Cypress,
Summer Day,
Monterey Cypress | Monterey Cypress #1,
L'Atelier,
untitled landscape,
Earth Knower,
Figure,
Monterey Cypress,
Orbits,
Scab,
Two Heads (portrait of the artist and his wife Helen),
Reconsideration of Time & Space,
Night Fishing on Monterey Bay,
Three Women,
The Arguello Adobe,
Santa Clara Adobe,
Coast at Purisima,
Maynard Dixon,
Untitled,
The Blues in the Night,
Mother and Cat|Miyo and Cat,
Scetch,
The Gamblers,
Poetic Justice,
Portrait of Moira Nichols,
The Revelation,
Untitled (oil derricks on La Brea Blvd. LA),
Untitled (Abstraction),
Burnt Spinner,
Archtypes,
Alone with the Killer,
Self-Portrait,
Three Shapes Within A Structure,
Untitled,
Abstract/Musicians,
Aftermath,
Twin Peaks,
Untitled (abstraction),
Mendocino Panorama,
Morning on the Waterfront,
Berkeley No. 20,
The Illustrated History of the Universe,
Chug!,
Bridge|Untitled,
Women in a Landscape,
Woman with Chin in Hand,
Etya,
Night Breakers,
Figure on a Porch,
Wiggly Water|Morning Ripple,
Self Portrait,
Tonopah Landscape|G.B. Carson appraisal lists title as Tonopan Landscape,
Mendocino Moon,
Twins,
Delicatessen Counter,
Yosemite - I,
Street,
For H.M.,
Lottery of the Gods (a study for a mural),
The Fishman,
Manuscript,
Summer Water,
Pink Ballerina,
15-Apr-62,
Portrait of a Man in a Blue Suit,
Girl Sitting,
Spring Nude,
Seated Nude--Arm on Knee,
Torque,
The Flea People,
Abs-63,
Muscatine Diver,
Window,
Landscape,
Chair and Shirt,
The Page,
Burning of the Roundhouse,
Playful Creatures,
Three-Headed Creature,
The Beginning (Scene 1),
Midsummer,
Activities Around a Maidu Roundhouse,
The Beginning (Scene 3),
The Beginning (Scene 2),
56 Chrysler,
Untitled,
Mama Cat and Pete in Tree,
1957 Ford,
Red Line,
Eye,
Nevada Desert,
Haven Series #3 with ghost,
Caravan,
For Giorgione,
Portrait of Carolyn Singer,
Pomo,
EM II,
Day and Night,
untitled,
Sun Over Sea,
Birds from Home #3,
Untitled Drawing,
Storefront,
Burned Field - New Grass,
Orchid,
Freeway,
Sofa with Flowers,
A Coasting Horse,
One Thru Vent Trio,
My Shadow,
Ocean Park No. 107,
Untitled #11,
Goldfish,
Swiss Site #10,
East Bay,
Lenny Ledbetter,
Knife Painting (Blue),
Urban Square,
Ulterior Motives,
Iris,
Window,
Red Rider,
IAMON,
Apeiron,
Giants,
Five O' Clock,
Night Landing,
The Crown Cathedral,
Black Earth,
Lincoln Park,
Unknown,
Still Life with Chair,
Blind Faith,
David Lance Goines Inking Up,
The Greek Experience,
#109,
A Truer Story (St. Sebastian),
Untitled (Map of Los Angeles),
A Partial List of the Saved,
Yellow Night #1,
7th of May,
Untitled,
Blue Distances #2,
Feel So Good,
Suite in Five Pieces #11,
Suite in Five Pieces #11,
Suite in Five Pieces #11,
Suite in Five Pieces #11,
Suite in Five Pieces #11,
Lichenous,
Still Life With Saw,
Untitled (Pthalocynaine Green),
Swamp Dogs,
Fire Storm #1,
Food Chain,
untitled,
untitled (Dessertornado),
Everyday Breath,
Arbuckle Orchard,
Untitled (TE93 5),
#15,
The Gift of Presence,
What was It?,
Free State,
What White Is,
Cardinal Virtue,
Untitled,
Untitled,
The First Time Remembrance,
Maria Callas at Covent Garden #2,
Time Bomb,
Summer Heat,
Terra Silver Terra #1,
Trying to Know Lost,
Themeplex No. 19,
Primal Structures #3,
Still Point,
E-Jac,
Marin County,
Mount St. Helena from Knight's Valley,
Lightweight,
Threshold (from the series Seven Heavens),
You Are as Close as You Will Be,
An Object Confronting Its Logical Other,
French 1,
untitled,
Joy,
Something & Something Else,
Untitled,
Wilhilmina,
Les Demoiselles D'Avignon (Patrimony Series),
untitled (Rain),
Boundless Ways,
Hombre Ara_a,
Playa Boy,
Green Lid,
Blue Lid,
Shoplifter,
Cyclops Armory,
Man Painting Woman with Instrument,
Gold Canyon,
Hunting Dogs,
Apples,
Untitled (Central Asia,
Justice Meted Out to English Jim by the Vigilantes,
Birds of California,
Residence of Capt. Thomas W. Badger,
Residence of Capt. Thomas W. Badger,
Near Glacier Rock,
Untitled  (Monterey,
Reclining Woman in Red Dress Reading,
Paris Studio Interior  (Studio Interior with Figures); A Studio Corner,
Laura Bell Hill Herrick,
On the Way to the Summit (The Donner Party)  ((The Donner Party)),
The Three Fates  (The Web),
Self-Portrait,
Portrait of Lucia K. Mathews,
Emerald Bay,
Lake Tahoe,
North From Mt. TamalpaisMt. Tamalpais,
Chinese Robe,
Warm Afternoon,
Landscape--San Francisco,
The Foothill,
Untitled (Two trees),
Untitled (seaplane),
Alaska Packers Yard,
Sierra Nevada,
Monterey Wharf|Lowering the Lifeboat,
Estuary Dwellings,
Untitled,
The Orange Grove,
Tractored Out,
Encounter,
Rehearsal,
Lake Merritt Courthouse,
untitled,
Portrait of Richard Diebenkorn,
Solitaire,
Figure in Landscape,
Untitled (Anti-War series),
Still Life,
Still Life,
Crying Child,
Train at Susanville,
Earth Pattern,
Sailing Ship,
Spring Gathering,
Southwest with Sheep,
Hurry for Peace My Way,
Portrait of Lupe,
Browned Bare,
Tree Huggers,
The Golden Gate  (Fort Point from China Beach),
Mountain Jack and a Wandering Miner,
Santa Clara Valley,
Playing School,
View of Hetch-Hetchy,
The Wet Sand,
Mt. Diablo,
Bird-nesting,
Untitled  ((Mural)),
Youth,
California Data,
Earth Patterns,
Storm Over Coit Tower|Untitled (self portrait),
We Do Our Part - NRA Barber Shop,
Lake Merritt,
Untitled,
Lake Merritt,
Oakland Afternoon A.,
Arrowhead Maker,
The Son Created the Father II,
Figures on a Beach,
Masque of Pandora  (Pandora),
Landscape (California),
Figure,
Self-Portrait,
Santa Cruz,
Nocturnal Street Scene,
untitled (forest landscape),
untitled (Seascape),
untitled,
untitled (Rawona Garden),
unknown,
Centurians Monterey Coast,
Cat and a Ball on a Waterfall,
Faith,
Roses in a Wheelbarrow,
Lady in the Garden,
3 sections - animals,
Lady,
Three Vases,
Workman,
Child with Flower,
Mountain Scene with Stream,
Misty Grey Boat Scene,
Untitled  ((San Francisco Embarcadero)),
A Wood Engraver and his Apprentice,
Indian Family on San Francisco Bay,
Haystacks,
Orchard in Santa Clara Valley,
Oneida Lake Near Tioga Pass,
Mendocino Shore,
Still Life with Chickens and Fish,
Oakland Estuary,
Landscape  ((Mt. Shasta and the Sacramento River)),
View from Ben Lomond Vineyard,
The Old Man's Pleasure,
Kitchen Alley,
Coastal Scene  ((California Coast)),
View of Lake Tahoe,
Oakland Creek,
Sonoma County Landscape,
Untitled  (House and Garden),
Untitled  ((Portrait of a Woman with Flowers in Her Hair)),
View of Bridge,
Belvedere Cove,
Untitled  ((Fishermen in Belvedere)),
A Cottage in the Marin County Hills,
Flowers In Window,
Late Sunset,
Landscape With Figure and House Near Shore,
Under the Oaks,
Dark November  (Pastorale),
Apache Dance,
Contra Costa,
Notre Dame,
Untitled (A Southwest Indian on Kiva),